# Host: 192.168.166.215:9884  (Version: 5.1.73)
# Date: 2015-06-12 16:54:43
# Generator: MySQL-Front 5.3  (Build 4.89)

/*!40101 SET NAMES utf8 */;

#
# Structure for table "add_contact"
#

DROP TABLE IF EXISTS `add_contact`;
CREATE TABLE `add_contact` (
  `id` bigint(20) NOT NULL AUTO_INCREMENT,
  `user_id` bigint(20) DEFAULT NULL COMMENT '提交用户id',
  `name` varchar(20) DEFAULT NULL COMMENT '提交人姓名',
  `phone` varchar(20) DEFAULT NULL COMMENT '提交人电话',
  `context` text COMMENT '提交意见',
  `created_at` timestamp NULL DEFAULT CURRENT_TIMESTAMP,
  PRIMARY KEY (`id`)
) ENGINE=InnoDB DEFAULT CHARSET=utf8 COMMENT='建议';

#
# Data for table "add_contact"
#


#
# Structure for table "add_retrieve"
#

DROP TABLE IF EXISTS `add_retrieve`;
CREATE TABLE `add_retrieve` (
  `id` bigint(20) NOT NULL AUTO_INCREMENT,
  `created_at` timestamp NULL DEFAULT CURRENT_TIMESTAMP COMMENT '生成时间',
  `email` varchar(200) DEFAULT NULL COMMENT '邮箱地址',
  `random` varchar(50) DEFAULT NULL COMMENT '随机值',
  PRIMARY KEY (`id`)
) ENGINE=InnoDB AUTO_INCREMENT=2 DEFAULT CHARSET=utf8 COMMENT='找回密码';

#
# Data for table "add_retrieve"
#

INSERT INTO `add_retrieve` VALUES (1,'2015-05-05 16:13:59','dantechan@poicom.net','403A699F1A0BF357D99E21AFBA4C476B');

#
# Structure for table "com_apartment"
#

DROP TABLE IF EXISTS `com_apartment`;
CREATE TABLE `com_apartment` (
  `id` bigint(20) NOT NULL AUTO_INCREMENT,
  `name` varchar(50) DEFAULT NULL COMMENT '部门名称',
  `pid` bigint(20) DEFAULT NULL COMMENT '父节点',
  `level` bigint(20) DEFAULT NULL COMMENT '层级',
  `image` varchar(50) DEFAULT NULL COMMENT '图标url',
  `orderid` int(11) DEFAULT NULL COMMENT '排序',
  `flag` char(1) DEFAULT NULL COMMENT '处理标示',
  `remark` varchar(255) DEFAULT NULL COMMENT '保留字段',
  `created_at` timestamp NULL DEFAULT CURRENT_TIMESTAMP,
  `updated_at` timestamp NULL DEFAULT NULL,
  `deleted_at` timestamp NULL DEFAULT NULL,
  PRIMARY KEY (`id`)
) ENGINE=InnoDB AUTO_INCREMENT=41 DEFAULT CHARSET=utf8 COMMENT='部门';

#
# Data for table "com_apartment"
#

INSERT INTO `com_apartment` VALUES (1,'研发中心',0,NULL,NULL,NULL,'1',NULL,'2015-04-18 11:06:39','2015-04-30 12:30:54',NULL),(2,'运维中心',0,NULL,NULL,NULL,'1',NULL,'2015-04-18 11:06:47','2015-04-30 12:30:53',NULL),(3,'财务中心',0,NULL,NULL,NULL,'0',NULL,'2015-04-20 12:01:44','2015-04-30 12:30:49',NULL),(4,'运维部',2,NULL,NULL,NULL,'0',NULL,'2015-04-28 12:28:01','2015-04-30 12:30:52',NULL),(5,'运维二组',2,NULL,NULL,NULL,'0',NULL,'2015-04-28 12:28:12','2015-04-30 12:30:51','2015-06-09 12:22:39'),(6,'出纳部',3,NULL,NULL,NULL,'0',NULL,'2015-04-28 17:55:55','2015-04-30 12:38:18',NULL),(7,'会计部',3,NULL,NULL,NULL,'0',NULL,'2015-04-28 17:56:06',NULL,NULL),(8,'人资行政中心',0,NULL,NULL,NULL,'0',NULL,'2015-04-30 12:39:13',NULL,NULL),(9,'软件研发部',1,NULL,NULL,NULL,'0',NULL,'2015-04-30 14:47:24',NULL,NULL),(10,'行政部',8,NULL,NULL,NULL,'0',NULL,'2015-05-04 11:13:49','2015-05-04 11:23:02',NULL),(11,'运营中心',0,NULL,NULL,NULL,'0',NULL,'2015-05-18 14:10:51',NULL,NULL),(12,'话务部',11,NULL,NULL,NULL,'0',NULL,'2015-05-18 14:11:25',NULL,NULL),(13,'培训部',8,NULL,NULL,NULL,'0',NULL,'2015-06-04 19:22:38',NULL,NULL),(14,'人资部',8,NULL,NULL,NULL,'0',NULL,'2015-06-04 19:22:44',NULL,NULL),(15,'O2O',0,NULL,NULL,NULL,'0',NULL,'2015-06-04 19:23:40',NULL,NULL),(16,'电商部',15,NULL,NULL,NULL,'0',NULL,'2015-06-04 19:23:47',NULL,NULL),(17,'新媒体部',15,NULL,NULL,NULL,'0',NULL,'2015-06-04 19:23:54',NULL,NULL),(18,'产品中心',0,NULL,NULL,NULL,'1',NULL,'2015-06-04 19:24:11',NULL,NULL),(19,'PHP项目开发部',18,NULL,NULL,NULL,'0',NULL,'2015-06-04 19:24:17',NULL,NULL),(20,'安卓项目开发部',18,NULL,NULL,NULL,'0',NULL,'2015-06-04 19:24:24',NULL,NULL),(21,'测试部',18,NULL,NULL,NULL,'0',NULL,'2015-06-04 19:24:33',NULL,NULL),(22,'设计部',18,NULL,NULL,NULL,'0',NULL,'2015-06-04 19:24:42',NULL,NULL),(23,'通讯运营中心',0,NULL,NULL,NULL,'1',NULL,'2015-06-04 19:25:05',NULL,NULL),(24,'通信商务部',23,NULL,NULL,NULL,'0',NULL,'2015-06-04 19:25:12',NULL,NULL),(25,'物流中心',0,NULL,NULL,NULL,'0',NULL,'2015-06-04 19:26:54',NULL,NULL),(26,'仓储部',25,NULL,NULL,NULL,'0',NULL,'2015-06-04 19:27:14',NULL,NULL),(27,'物流部',25,NULL,NULL,NULL,'0',NULL,'2015-06-04 19:27:23',NULL,NULL),(28,'销售中心',0,NULL,NULL,NULL,'0',NULL,'2015-06-04 19:27:52',NULL,NULL),(29,'渠道部',28,NULL,NULL,NULL,'0',NULL,'2015-06-04 19:27:59',NULL,NULL),(30,'运维三组',2,NULL,NULL,NULL,'0',NULL,'2015-06-04 19:29:20',NULL,'2015-06-04 17:30:03'),(31,'运维四组',2,NULL,NULL,NULL,'0',NULL,'2015-06-04 19:29:27',NULL,'2015-06-04 17:30:08'),(32,'售后部',11,NULL,NULL,NULL,'0',NULL,'2015-06-04 19:31:30',NULL,NULL),(37,'安徽分公司-技术部',0,NULL,NULL,NULL,'0',NULL,'2015-06-10 19:34:09',NULL,'2015-06-10 18:02:18'),(38,'技术部',37,NULL,NULL,NULL,'0',NULL,'2015-06-10 19:34:30',NULL,'2015-06-10 18:02:15'),(39,'全部-(测试)',0,NULL,NULL,NULL,'1',NULL,'2015-06-12 13:43:46',NULL,NULL),(40,'全部部门-测试',39,NULL,NULL,NULL,'0',NULL,'2015-06-12 13:45:02',NULL,NULL);

#
# Structure for table "com_apartment_type"
#

DROP TABLE IF EXISTS `com_apartment_type`;
CREATE TABLE `com_apartment_type` (
  `id` bigint(20) NOT NULL AUTO_INCREMENT,
  `apartment_id` bigint(20) DEFAULT NULL COMMENT '部门id',
  `type_id` bigint(20) DEFAULT NULL COMMENT '故障类型id',
  `level` char(1) DEFAULT NULL COMMENT '关联级别',
  `created_at` timestamp NULL DEFAULT CURRENT_TIMESTAMP,
  `updated_at` timestamp NULL DEFAULT NULL,
  `deleted_at` timestamp NULL DEFAULT NULL,
  PRIMARY KEY (`id`)
) ENGINE=InnoDB AUTO_INCREMENT=329 DEFAULT CHARSET=utf8 COMMENT='部门-故障';

#
# Data for table "com_apartment_type"
#

INSERT INTO `com_apartment_type` VALUES (19,1,1,'1','2015-06-10 11:45:18',NULL,NULL),(20,1,2,'1','2015-06-10 19:27:37',NULL,NULL),(21,1,3,'1','2015-06-10 19:27:37',NULL,NULL),(22,1,4,'1','2015-06-10 19:27:37',NULL,NULL),(23,1,5,'1','2015-06-10 19:27:37',NULL,NULL),(24,1,10,'1','2015-06-10 19:27:37',NULL,NULL),(25,1,11,'1','2015-06-10 19:27:37',NULL,NULL),(26,1,12,'1','2015-06-10 19:27:37',NULL,NULL),(27,1,13,'1','2015-06-10 19:27:37',NULL,NULL),(28,2,1,'1','2015-06-10 19:27:48',NULL,NULL),(29,2,2,'1','2015-06-10 19:27:48',NULL,NULL),(30,2,3,'1','2015-06-10 19:27:48',NULL,NULL),(31,2,4,'1','2015-06-10 19:27:48',NULL,NULL),(32,2,5,'1','2015-06-10 19:27:48',NULL,NULL),(33,2,10,'1','2015-06-10 19:27:48',NULL,NULL),(34,2,11,'1','2015-06-10 19:27:48',NULL,NULL),(35,2,12,'1','2015-06-10 19:27:48',NULL,NULL),(36,2,13,'1','2015-06-10 19:27:48',NULL,NULL),(37,18,1,'1','2015-06-10 19:27:56',NULL,NULL),(38,18,2,'1','2015-06-10 19:27:56',NULL,NULL),(39,18,3,'1','2015-06-10 19:27:56',NULL,NULL),(40,18,4,'1','2015-06-10 19:27:56',NULL,NULL),(41,18,5,'1','2015-06-10 19:27:56',NULL,NULL),(42,18,10,'1','2015-06-10 19:27:56',NULL,NULL),(43,18,11,'1','2015-06-10 19:27:56',NULL,NULL),(44,18,12,'1','2015-06-10 19:27:56',NULL,NULL),(45,18,13,'1','2015-06-10 19:27:56',NULL,NULL),(46,23,1,'1','2015-06-10 19:28:06',NULL,NULL),(47,23,2,'1','2015-06-10 19:28:06',NULL,NULL),(48,23,3,'1','2015-06-10 19:28:06',NULL,NULL),(49,23,4,'1','2015-06-10 19:28:06',NULL,NULL),(50,23,5,'1','2015-06-10 19:28:06',NULL,NULL),(51,23,10,'1','2015-06-10 19:28:06',NULL,NULL),(53,23,12,'1','2015-06-10 19:28:06',NULL,NULL),(54,23,13,'1','2015-06-10 19:28:06',NULL,NULL),(55,23,11,'1','2015-06-10 19:33:41',NULL,NULL),(56,9,8,'2','2015-06-11 11:56:23',NULL,NULL),(57,9,9,'2','2015-06-11 11:56:23',NULL,NULL),(58,9,14,'2','2015-06-11 11:56:23',NULL,NULL),(59,9,15,'2','2015-06-11 11:56:23',NULL,NULL),(60,9,17,'2','2015-06-11 11:56:23',NULL,NULL),(61,9,18,'2','2015-06-11 11:56:23',NULL,NULL),(62,9,19,'2','2015-06-11 11:56:23',NULL,NULL),(63,9,20,'2','2015-06-11 11:56:23',NULL,NULL),(64,9,21,'2','2015-06-11 11:56:23',NULL,NULL),(65,9,22,'2','2015-06-11 11:56:23',NULL,NULL),(66,9,6,'2','2015-06-11 11:56:23',NULL,NULL),(67,9,16,'2','2015-06-11 11:56:23',NULL,NULL),(68,9,23,'2','2015-06-11 11:56:23',NULL,NULL),(69,9,24,'2','2015-06-11 11:56:23',NULL,NULL),(70,9,25,'2','2015-06-11 11:56:23',NULL,NULL),(71,9,26,'2','2015-06-11 11:56:23',NULL,NULL),(72,9,27,'2','2015-06-11 11:56:23',NULL,NULL),(73,9,7,'2','2015-06-11 11:56:23',NULL,NULL),(74,9,28,'2','2015-06-11 11:56:23',NULL,NULL),(75,9,29,'2','2015-06-11 11:56:23',NULL,NULL),(76,9,30,'2','2015-06-11 11:56:23',NULL,NULL),(77,9,31,'2','2015-06-11 11:56:23',NULL,NULL),(78,9,32,'2','2015-06-11 11:56:23',NULL,NULL),(79,9,33,'2','2015-06-11 11:56:23',NULL,NULL),(80,9,34,'2','2015-06-11 11:56:23',NULL,NULL),(81,9,35,'2','2015-06-11 11:56:23',NULL,NULL),(82,9,36,'2','2015-06-11 11:56:23',NULL,NULL),(83,9,37,'2','2015-06-11 11:56:23',NULL,NULL),(84,9,38,'2','2015-06-11 11:56:23',NULL,NULL),(85,9,39,'2','2015-06-11 11:56:23',NULL,NULL),(86,9,40,'2','2015-06-11 11:56:23',NULL,NULL),(87,9,41,'2','2015-06-11 11:56:23',NULL,NULL),(88,9,42,'2','2015-06-11 11:56:23',NULL,NULL),(89,4,8,'2','2015-06-11 11:57:02',NULL,NULL),(90,4,9,'2','2015-06-11 11:57:02',NULL,NULL),(91,4,14,'2','2015-06-11 11:57:02',NULL,NULL),(92,4,15,'2','2015-06-11 11:57:02',NULL,NULL),(93,4,17,'2','2015-06-11 11:57:02',NULL,NULL),(94,4,18,'2','2015-06-11 11:57:02',NULL,NULL),(95,4,19,'2','2015-06-11 11:57:02',NULL,NULL),(96,4,20,'2','2015-06-11 11:57:02',NULL,NULL),(97,4,21,'2','2015-06-11 11:57:02',NULL,NULL),(98,4,22,'2','2015-06-11 11:57:02',NULL,NULL),(99,4,6,'2','2015-06-11 11:57:02',NULL,NULL),(100,4,16,'2','2015-06-11 11:57:02',NULL,NULL),(101,4,23,'2','2015-06-11 11:57:02',NULL,NULL),(102,4,24,'2','2015-06-11 11:57:02',NULL,NULL),(103,4,25,'2','2015-06-11 11:57:02',NULL,NULL),(104,4,26,'2','2015-06-11 11:57:02',NULL,NULL),(105,4,27,'2','2015-06-11 11:57:02',NULL,NULL),(106,4,7,'2','2015-06-11 11:57:02',NULL,NULL),(107,4,28,'2','2015-06-11 11:57:02',NULL,NULL),(108,4,29,'2','2015-06-11 11:57:02',NULL,NULL),(109,4,30,'2','2015-06-11 11:57:02',NULL,NULL),(110,4,31,'2','2015-06-11 11:57:02',NULL,NULL),(111,4,32,'2','2015-06-11 11:57:02',NULL,NULL),(112,4,33,'2','2015-06-11 11:57:02',NULL,NULL),(113,4,34,'2','2015-06-11 11:57:02',NULL,NULL),(114,4,35,'2','2015-06-11 11:57:02',NULL,NULL),(115,4,36,'2','2015-06-11 11:57:02',NULL,NULL),(116,4,37,'2','2015-06-11 11:57:02',NULL,NULL),(117,4,38,'2','2015-06-11 11:57:02',NULL,NULL),(118,4,39,'2','2015-06-11 11:57:02',NULL,NULL),(119,4,40,'2','2015-06-11 11:57:02',NULL,NULL),(120,4,41,'2','2015-06-11 11:57:02',NULL,NULL),(121,4,42,'2','2015-06-11 11:57:02',NULL,NULL),(122,19,8,'2','2015-06-11 11:58:34',NULL,NULL),(123,19,9,'2','2015-06-11 11:59:42',NULL,NULL),(124,19,14,'2','2015-06-11 11:59:42',NULL,NULL),(125,19,15,'2','2015-06-11 11:59:42',NULL,NULL),(126,19,17,'2','2015-06-11 11:59:42',NULL,NULL),(127,19,18,'2','2015-06-11 11:59:42',NULL,NULL),(128,19,19,'2','2015-06-11 11:59:42',NULL,NULL),(129,19,20,'2','2015-06-11 11:59:42',NULL,NULL),(130,19,21,'2','2015-06-11 11:59:42',NULL,NULL),(131,19,22,'2','2015-06-11 11:59:42',NULL,NULL),(132,19,6,'2','2015-06-11 11:59:42',NULL,NULL),(133,19,16,'2','2015-06-11 11:59:42',NULL,NULL),(134,19,23,'2','2015-06-11 11:59:42',NULL,NULL),(135,19,24,'2','2015-06-11 11:59:42',NULL,NULL),(136,19,25,'2','2015-06-11 11:59:42',NULL,NULL),(137,19,26,'2','2015-06-11 11:59:42',NULL,NULL),(138,19,27,'2','2015-06-11 11:59:42',NULL,NULL),(139,19,7,'2','2015-06-11 11:59:42',NULL,NULL),(140,19,28,'2','2015-06-11 11:59:42',NULL,NULL),(141,19,29,'2','2015-06-11 11:59:42',NULL,NULL),(142,19,30,'2','2015-06-11 11:59:42',NULL,NULL),(143,19,31,'2','2015-06-11 11:59:42',NULL,NULL),(144,19,32,'2','2015-06-11 11:59:42',NULL,NULL),(145,19,33,'2','2015-06-11 11:59:42',NULL,NULL),(146,19,34,'2','2015-06-11 11:59:42',NULL,NULL),(147,19,35,'2','2015-06-11 11:59:42',NULL,NULL),(148,19,36,'2','2015-06-11 11:59:42',NULL,NULL),(149,19,37,'2','2015-06-11 11:59:42',NULL,NULL),(150,19,38,'2','2015-06-11 11:59:42',NULL,NULL),(151,19,39,'2','2015-06-11 11:59:42',NULL,NULL),(152,19,40,'2','2015-06-11 11:59:42',NULL,NULL),(153,19,41,'2','2015-06-11 11:59:42',NULL,NULL),(154,19,42,'2','2015-06-11 11:59:42',NULL,NULL),(155,22,8,'2','2015-06-11 12:01:13',NULL,NULL),(156,22,9,'2','2015-06-11 12:01:13',NULL,NULL),(157,22,14,'2','2015-06-11 12:01:13',NULL,NULL),(158,22,15,'2','2015-06-11 12:01:13',NULL,NULL),(159,22,17,'2','2015-06-11 12:01:13',NULL,NULL),(160,22,18,'2','2015-06-11 12:01:13',NULL,NULL),(161,22,19,'2','2015-06-11 12:01:13',NULL,NULL),(162,22,20,'2','2015-06-11 12:01:13',NULL,NULL),(163,22,21,'2','2015-06-11 12:01:13',NULL,NULL),(164,22,22,'2','2015-06-11 12:01:13',NULL,NULL),(165,22,6,'2','2015-06-11 12:01:13',NULL,NULL),(166,22,16,'2','2015-06-11 12:01:13',NULL,NULL),(167,22,23,'2','2015-06-11 12:01:14',NULL,NULL),(168,22,24,'2','2015-06-11 12:01:14',NULL,NULL),(169,22,25,'2','2015-06-11 12:01:14',NULL,NULL),(170,22,26,'2','2015-06-11 12:01:14',NULL,NULL),(171,22,27,'2','2015-06-11 12:01:14',NULL,NULL),(172,22,7,'2','2015-06-11 12:01:14',NULL,NULL),(173,22,28,'2','2015-06-11 12:01:14',NULL,NULL),(174,22,29,'2','2015-06-11 12:01:14',NULL,NULL),(175,22,30,'2','2015-06-11 12:01:14',NULL,NULL),(176,22,31,'2','2015-06-11 12:01:14',NULL,NULL),(177,22,32,'2','2015-06-11 12:01:14',NULL,NULL),(178,22,33,'2','2015-06-11 12:01:14',NULL,NULL),(179,22,34,'2','2015-06-11 12:01:14',NULL,NULL),(180,22,35,'2','2015-06-11 12:01:14',NULL,NULL),(181,22,36,'2','2015-06-11 12:01:14',NULL,NULL),(182,22,37,'2','2015-06-11 12:01:14',NULL,NULL),(183,22,38,'2','2015-06-11 12:01:14',NULL,NULL),(184,22,39,'2','2015-06-11 12:01:14',NULL,NULL),(185,22,40,'2','2015-06-11 12:01:14',NULL,NULL),(186,22,41,'2','2015-06-11 12:01:14',NULL,NULL),(187,22,42,'2','2015-06-11 12:01:14',NULL,NULL),(188,20,8,'2','2015-06-11 12:01:54',NULL,NULL),(189,20,9,'2','2015-06-11 12:01:54',NULL,NULL),(190,20,14,'2','2015-06-11 12:01:54',NULL,NULL),(191,20,15,'2','2015-06-11 12:01:54',NULL,NULL),(192,20,17,'2','2015-06-11 12:01:54',NULL,NULL),(193,20,18,'2','2015-06-11 12:01:54',NULL,NULL),(194,20,19,'2','2015-06-11 12:01:54',NULL,NULL),(195,20,20,'2','2015-06-11 12:01:54',NULL,NULL),(196,20,21,'2','2015-06-11 12:01:54',NULL,NULL),(197,20,22,'2','2015-06-11 12:01:54',NULL,NULL),(198,20,6,'2','2015-06-11 12:01:54',NULL,NULL),(199,20,16,'2','2015-06-11 12:01:54',NULL,NULL),(200,20,23,'2','2015-06-11 12:01:54',NULL,NULL),(201,20,24,'2','2015-06-11 12:01:54',NULL,NULL),(202,20,25,'2','2015-06-11 12:01:54',NULL,NULL),(203,20,26,'2','2015-06-11 12:01:54',NULL,NULL),(204,20,27,'2','2015-06-11 12:01:54',NULL,NULL),(205,20,7,'2','2015-06-11 12:01:54',NULL,NULL),(206,20,28,'2','2015-06-11 12:01:54',NULL,NULL),(207,20,29,'2','2015-06-11 12:01:54',NULL,NULL),(208,20,30,'2','2015-06-11 12:01:54',NULL,NULL),(209,20,31,'2','2015-06-11 12:01:54',NULL,NULL),(210,20,32,'2','2015-06-11 12:01:54',NULL,NULL),(211,20,33,'2','2015-06-11 12:01:54',NULL,NULL),(212,20,34,'2','2015-06-11 12:01:54',NULL,NULL),(213,20,35,'2','2015-06-11 12:01:54',NULL,NULL),(214,20,36,'2','2015-06-11 12:01:54',NULL,NULL),(215,20,37,'2','2015-06-11 12:01:54',NULL,NULL),(216,20,38,'2','2015-06-11 12:01:54',NULL,NULL),(217,20,39,'2','2015-06-11 12:01:54',NULL,NULL),(218,20,40,'2','2015-06-11 12:01:54',NULL,NULL),(219,20,41,'2','2015-06-11 12:01:54',NULL,NULL),(220,20,42,'2','2015-06-11 12:01:54',NULL,NULL),(221,21,8,'2','2015-06-11 12:02:25',NULL,NULL),(222,21,9,'2','2015-06-11 12:02:25',NULL,NULL),(223,21,14,'2','2015-06-11 12:02:25',NULL,NULL),(224,21,15,'2','2015-06-11 12:02:25',NULL,NULL),(225,21,17,'2','2015-06-11 12:02:25',NULL,NULL),(226,21,18,'2','2015-06-11 12:02:25',NULL,NULL),(227,21,19,'2','2015-06-11 12:02:25',NULL,NULL),(228,21,20,'2','2015-06-11 12:02:25',NULL,NULL),(229,21,21,'2','2015-06-11 12:02:25',NULL,NULL),(230,21,22,'2','2015-06-11 12:02:25',NULL,NULL),(231,21,6,'2','2015-06-11 12:02:25',NULL,NULL),(232,21,16,'2','2015-06-11 12:02:25',NULL,NULL),(233,21,23,'2','2015-06-11 12:02:25',NULL,NULL),(234,21,24,'2','2015-06-11 12:02:25',NULL,NULL),(235,21,25,'2','2015-06-11 12:02:25',NULL,NULL),(236,21,26,'2','2015-06-11 12:02:25',NULL,NULL),(237,21,27,'2','2015-06-11 12:02:25',NULL,NULL),(238,21,7,'2','2015-06-11 12:02:25',NULL,NULL),(239,21,28,'2','2015-06-11 12:02:25',NULL,NULL),(240,21,29,'2','2015-06-11 12:02:25',NULL,NULL),(241,21,30,'2','2015-06-11 12:02:25',NULL,NULL),(242,21,31,'2','2015-06-11 12:02:25',NULL,NULL),(243,21,32,'2','2015-06-11 12:02:25',NULL,NULL),(244,21,33,'2','2015-06-11 12:02:25',NULL,NULL),(245,21,34,'2','2015-06-11 12:02:25',NULL,NULL),(246,21,35,'2','2015-06-11 12:02:25',NULL,NULL),(247,21,36,'2','2015-06-11 12:02:25',NULL,NULL),(248,21,37,'2','2015-06-11 12:02:25',NULL,NULL),(249,21,38,'2','2015-06-11 12:02:25',NULL,NULL),(250,21,39,'2','2015-06-11 12:02:25',NULL,NULL),(251,21,40,'2','2015-06-11 12:02:25',NULL,NULL),(252,21,41,'2','2015-06-11 12:02:25',NULL,NULL),(253,21,42,'2','2015-06-11 12:02:25',NULL,NULL),(254,24,8,'2','2015-06-11 12:03:06',NULL,NULL),(255,24,9,'2','2015-06-11 12:03:06',NULL,NULL),(256,24,14,'2','2015-06-11 12:03:06',NULL,NULL),(257,24,15,'2','2015-06-11 12:03:06',NULL,NULL),(258,24,17,'2','2015-06-11 12:03:06',NULL,NULL),(259,24,18,'2','2015-06-11 12:03:06',NULL,NULL),(260,24,19,'2','2015-06-11 12:03:06',NULL,NULL),(261,24,20,'2','2015-06-11 12:03:06',NULL,NULL),(262,24,21,'2','2015-06-11 12:03:06',NULL,NULL),(263,24,22,'2','2015-06-11 12:03:06',NULL,NULL),(264,24,6,'2','2015-06-11 12:03:06',NULL,NULL),(265,24,16,'2','2015-06-11 12:03:06',NULL,NULL),(266,24,23,'2','2015-06-11 12:03:06',NULL,NULL),(267,24,24,'2','2015-06-11 12:03:06',NULL,NULL),(268,24,25,'2','2015-06-11 12:03:06',NULL,NULL),(269,24,26,'2','2015-06-11 12:03:06',NULL,NULL),(270,24,27,'2','2015-06-11 12:03:06',NULL,NULL),(271,24,7,'2','2015-06-11 12:03:06',NULL,NULL),(272,24,28,'2','2015-06-11 12:03:06',NULL,NULL),(273,24,29,'2','2015-06-11 12:03:06',NULL,NULL),(274,24,30,'2','2015-06-11 12:03:06',NULL,NULL),(275,24,31,'2','2015-06-11 12:03:06',NULL,NULL),(276,24,32,'2','2015-06-11 12:03:06',NULL,NULL),(277,24,36,'2','2015-06-11 12:03:06',NULL,NULL),(278,24,37,'2','2015-06-11 12:03:06',NULL,NULL),(279,24,38,'2','2015-06-11 12:03:06',NULL,NULL),(280,24,39,'2','2015-06-11 12:03:06',NULL,NULL),(281,24,40,'2','2015-06-11 12:03:06',NULL,NULL),(282,24,41,'2','2015-06-11 12:03:06',NULL,NULL),(283,24,42,'2','2015-06-11 12:03:06',NULL,NULL),(284,24,33,'2','2015-06-11 12:03:06',NULL,NULL),(285,24,34,'2','2015-06-11 12:03:06',NULL,NULL),(286,24,35,'2','2015-06-11 12:03:06',NULL,NULL);

#
# Structure for table "com_branch"
#

DROP TABLE IF EXISTS `com_branch`;
CREATE TABLE `com_branch` (
  `id` bigint(11) NOT NULL AUTO_INCREMENT,
  `name` varchar(50) DEFAULT NULL COMMENT '单位名称',
  `created_at` timestamp NULL DEFAULT CURRENT_TIMESTAMP,
  `updated_at` timestamp NULL DEFAULT NULL,
  `deleted_at` timestamp NULL DEFAULT NULL,
  PRIMARY KEY (`id`)
) ENGINE=InnoDB AUTO_INCREMENT=10 DEFAULT CHARSET=utf8 COMMENT='工作单位';

#
# Data for table "com_branch"
#

INSERT INTO `com_branch` VALUES (1,'中山总公司','2015-03-11 10:42:55','2015-05-04 11:12:44',NULL),(2,'湖南分公司','2015-03-11 10:43:09','2015-05-04 11:15:00',NULL),(3,'重庆公司','2015-03-11 10:43:21',NULL,NULL),(4,'江西分公司','2015-03-11 10:43:32',NULL,NULL),(5,'安徽分公司','2015-03-11 10:43:42',NULL,NULL),(6,'南京分公司','2015-03-11 10:43:53',NULL,NULL),(7,'吉林分公司','2015-03-11 10:44:02',NULL,NULL),(8,'辽宁分公司','2015-03-11 10:44:12','2015-04-08 11:15:26',NULL),(9,'广西分公司','2015-03-11 10:44:22','2015-05-04 11:22:55',NULL);

#
# Structure for table "com_branch_apartment"
#

DROP TABLE IF EXISTS `com_branch_apartment`;
CREATE TABLE `com_branch_apartment` (
  `id` bigint(20) NOT NULL AUTO_INCREMENT,
  `branch_id` bigint(20) DEFAULT NULL COMMENT '单位id',
  `apartment_id` bigint(20) DEFAULT NULL COMMENT '部门id',
  `created_at` timestamp NULL DEFAULT CURRENT_TIMESTAMP,
  `updated_at` timestamp NULL DEFAULT NULL,
  PRIMARY KEY (`id`)
) ENGINE=InnoDB DEFAULT CHARSET=utf8 COMMENT='单位-部门关联表';

#
# Data for table "com_branch_apartment"
#


#
# Structure for table "com_comment"
#

DROP TABLE IF EXISTS `com_comment`;
CREATE TABLE `com_comment` (
  `id` bigint(20) NOT NULL AUTO_INCREMENT,
  `order_id` bigint(20) DEFAULT NULL COMMENT '工单id',
  `user_id` bigint(20) DEFAULT NULL COMMENT '处理人id',
  `context` text COMMENT '处理意见',
  `add_at` timestamp NULL DEFAULT NULL COMMENT '处理时间',
  `created_at` timestamp NULL DEFAULT NULL,
  `updated_at` timestamp NULL DEFAULT NULL,
  `deleted_at` timestamp NULL DEFAULT NULL,
  PRIMARY KEY (`id`)
) ENGINE=InnoDB AUTO_INCREMENT=13 DEFAULT CHARSET=utf8 COMMENT='评论';

#
# Data for table "com_comment"
#

INSERT INTO `com_comment` VALUES (10,52,2,'接受工单，开始处理......\n处理意见：(回复处理内容)','2015-06-12 12:07:45','2015-06-12 12:05:00',NULL,NULL),(11,52,4,'(回复处理内容)','2015-06-12 12:08:10','2015-06-12 12:05:48',NULL,NULL),(12,52,3,'处理完毕(回复处理内容)','2015-06-12 14:27:44','2015-06-12 14:26:12',NULL,NULL);

#
# Structure for table "com_level"
#

DROP TABLE IF EXISTS `com_level`;
CREATE TABLE `com_level` (
  `id` bigint(20) NOT NULL AUTO_INCREMENT,
  `name` varchar(5) DEFAULT NULL COMMENT '等级',
  `deadline` int(5) DEFAULT NULL COMMENT '超时期限',
  `created_at` timestamp NULL DEFAULT CURRENT_TIMESTAMP COMMENT '创建时间',
  PRIMARY KEY (`id`)
) ENGINE=InnoDB AUTO_INCREMENT=4 DEFAULT CHARSET=utf8 COMMENT='故障等级';

#
# Data for table "com_level"
#

INSERT INTO `com_level` VALUES (1,'一般',6,'2015-04-16 15:41:23'),(2,'紧急',4,'2015-04-16 15:42:01'),(3,'非常紧急',2,'2015-04-16 15:42:11');

#
# Structure for table "com_order"
#

DROP TABLE IF EXISTS `com_order`;
CREATE TABLE `com_order` (
  `id` bigint(11) NOT NULL AUTO_INCREMENT,
  `title` varchar(255) DEFAULT NULL COMMENT '标题',
  `offer_user` bigint(11) DEFAULT NULL COMMENT '申报人id',
  `offer_at` timestamp NULL DEFAULT NULL COMMENT '申报时间',
  `description` text COMMENT '故障描述',
  `type` bigint(11) DEFAULT NULL COMMENT '故障类型id',
  `level` bigint(20) DEFAULT NULL COMMENT '故障等级id',
  `updated_at` timestamp NULL DEFAULT NULL COMMENT '工单修改时间',
  `status` int(11) DEFAULT NULL COMMENT '0：已处理 1：处理中 2：未处理',
  `spend_time` bigint(20) DEFAULT NULL COMMENT '申报-处理时间差',
  `flag` int(11) DEFAULT NULL COMMENT '催办标志 0 未；1 已',
  `created_at` timestamp NULL DEFAULT NULL,
  `deleted_at` timestamp NULL DEFAULT NULL,
  PRIMARY KEY (`id`)
) ENGINE=InnoDB AUTO_INCREMENT=53 DEFAULT CHARSET=utf8 COMMENT='工单';

#
# Data for table "com_order"
#

INSERT INTO `com_order` VALUES (52,'重庆测试',71,'2015-06-12 11:19:48','重庆测试',8,2,NULL,0,NULL,0,NULL,NULL),(53,'故障申报测试',64,'2015-06-12 11:29:27','15574998546来电反映本机下载的老人桌面闪退。(测试用，无需理会)',30,3,NULL,2,NULL,0,NULL,'2015-06-12 11:29:48'),(54,'豪迅手机问题',70,'2015-06-12 11:56:37','豪迅手机获取不了验证码，号码为13257912939，联通号码，请处理',25,2,NULL,2,NULL,0,NULL,'2015-06-12 11:57:35'),(55,'老人桌面事宜',65,'2015-06-12 14:25:07','200004430&nbsp;&nbsp;15878838898来电反映此手机用老人桌面拨打电话经常闪退，手机型号为R831S，已让用户清除缓存，再关机重启，但还是在拨打电话时闪退',30,2,NULL,2,NULL,0,NULL,NULL),(56,'中山移动卡开不了户',70,'2015-06-12 15:26:16','现中山移动卡因网页显示“号码在保护名单中，不符合办理条件”原因开不了卡，导致影响审核开卡进度，请尽快处理，谢谢！',42,2,NULL,2,NULL,0,NULL,NULL);

#
# Structure for table "com_position"
#

DROP TABLE IF EXISTS `com_position`;
CREATE TABLE `com_position` (
  `id` bigint(20) NOT NULL AUTO_INCREMENT,
  `name` varchar(50) DEFAULT NULL COMMENT '职位名称',
  `apartment_id` bigint(20) DEFAULT NULL COMMENT '所属部门id',
  `apartment_name` varchar(50) DEFAULT NULL COMMENT '所属部门名称',
  `pid` bigint(20) DEFAULT NULL COMMENT '父id',
  `created_at` timestamp NULL DEFAULT CURRENT_TIMESTAMP,
  `updated_at` timestamp NULL DEFAULT NULL,
  `deleted_at` timestamp NULL DEFAULT NULL,
  PRIMARY KEY (`id`)
) ENGINE=InnoDB AUTO_INCREMENT=56 DEFAULT CHARSET=utf8 COMMENT='职位';

#
# Data for table "com_position"
#

INSERT INTO `com_position` VALUES (1,'研发总监',1,'研发中心',NULL,'2015-04-18 11:08:15','2015-04-20 12:08:30',NULL),(2,'技术总监',11,'运营中心',NULL,'2015-04-18 11:21:51',NULL,NULL),(3,'产品总监',18,'产品中心',NULL,'2015-04-18 11:22:07',NULL,NULL),(4,'技术员',2,'运维中心',NULL,'2015-04-18 11:08:29','2015-04-18 11:21:08',NULL),(5,'工程师',1,'研发中心',NULL,'2015-04-18 11:08:45','2015-04-20 12:08:37',NULL),(6,'客服人员',11,'运营中心',NULL,'2015-04-20 12:19:51',NULL,NULL),(7,'研发人员',1,'研发中心',NULL,'2015-05-22 12:40:26',NULL,NULL),(8,'运维人员',2,'运维中心',NULL,'2015-05-22 12:41:08',NULL,NULL),(9,'IOS开发工程师',18,'产品中心',NULL,'2015-06-04 20:16:19',NULL,NULL),(10,'O2O副总监',15,'O2O',NULL,'2015-06-04 20:16:32',NULL,NULL),(11,'O2O总监',15,'O2O',NULL,'2015-06-04 20:16:39',NULL,NULL),(12,'PHP软件工程师',18,'产品中心',NULL,'2015-06-04 20:23:26',NULL,NULL),(13,'安卓开发工程师',18,'产品中心',NULL,'2015-06-04 20:23:37',NULL,NULL),(14,'产品中心总监',18,'产品中心',NULL,'2015-06-04 20:23:59',NULL,NULL),(15,'电商客服',15,'O2O',NULL,'2015-06-04 20:24:08',NULL,NULL),(16,'电商美工',15,'O2O',NULL,'2015-06-04 20:24:13',NULL,NULL),(17,'电商设计师',18,'产品中心',NULL,'2015-06-04 20:24:17',NULL,NULL),(18,'后勤专员（365）',11,'运营中心',NULL,'2015-06-05 11:22:59',NULL,NULL),(19,'话务部主管',11,'运营中心',NULL,'2015-06-05 11:23:07',NULL,NULL),(20,'话务员（365）',11,'运营中心',NULL,'2015-06-05 11:23:12',NULL,NULL),(21,'总裁',11,'运营中心',NULL,'2015-06-05 11:24:14',NULL,NULL),(22,'技术维护员',1,NULL,NULL,'2015-06-05 11:36:32',NULL,NULL),(23,'客服助理',11,'运营中心',NULL,'2015-06-05 11:38:38',NULL,NULL),(24,'培训主管',8,'人资行政中心',NULL,'2015-06-05 11:38:45',NULL,NULL),(25,'平面设计',18,'产品中心',NULL,'2015-06-05 11:38:51',NULL,NULL),(26,'软件测试工程师',18,'产品中心',NULL,'2015-06-05 11:39:03',NULL,NULL),(27,'软件研发部JAVA工程师',1,'研发中心',NULL,'2015-06-05 11:39:08',NULL,NULL),(28,'软件研发部PHP软件工程师',1,'研发中心',NULL,'2015-06-05 11:39:15',NULL,NULL),(29,'软件研发部软件工程师',1,'研发中心',NULL,'2015-06-05 11:40:27',NULL,NULL),(30,'软件研发部网页设计',1,'研发中心',NULL,'2015-06-05 11:40:32',NULL,NULL),(31,'设计部主管',18,'产品中心',NULL,'2015-06-05 11:40:42',NULL,NULL),(32,'手机维修主管',11,'运营中心',NULL,'2015-06-05 11:42:23',NULL,NULL),(33,'售后客服',11,'运营中心',NULL,'2015-06-05 11:42:29',NULL,NULL),(34,'售后专员',11,'运营中心',NULL,'2015-06-05 11:42:34',NULL,NULL),(35,'通讯产品专员',23,'通讯运营中心',NULL,'2015-06-05 11:42:39',NULL,NULL),(36,'通讯营运文员',23,'通讯运营中心',NULL,'2015-06-05 11:42:46',NULL,NULL),(37,'通讯营运中心总监',23,'通讯运营中心',NULL,'2015-06-05 11:42:50',NULL,NULL),(38,'网络工程师',2,'运维中心',NULL,'2015-06-05 11:42:56',NULL,NULL),(39,'项目主管',1,'研发中心',NULL,'2015-06-05 11:43:24',NULL,NULL),(40,'新媒体主管',15,'O2O',NULL,'2015-06-05 11:43:31',NULL,NULL),(41,'研发中心总监',1,'研发中心',NULL,'2015-06-05 11:43:36',NULL,NULL),(42,'研发专员',1,'研发中心',NULL,'2015-06-05 11:43:42',NULL,NULL),(43,'运维部副主管',2,'运维中心',NULL,'2015-06-05 11:43:47',NULL,NULL),(44,'运维部主管',2,'运维中心',NULL,'2015-06-05 11:43:51',NULL,NULL),(45,'运维高级技术员',2,'运维中心',NULL,'2015-06-05 11:44:06',NULL,NULL),(46,'运维技术员',2,'运维中心',NULL,'2015-06-05 11:44:10',NULL,NULL),(47,'运维文员',2,'运维中心',NULL,'2015-06-05 11:44:16',NULL,NULL),(48,'运营客服',11,'运营中心',NULL,'2015-06-05 11:44:22',NULL,NULL),(49,'运营中心总监',11,'运营中心',NULL,'2015-06-05 11:44:27',NULL,NULL),(50,'增值服务部副主管',11,'运营中心',NULL,'2015-06-05 11:44:30',NULL,NULL),(51,'质检员',25,'物流中心',NULL,'2015-06-05 11:44:39',NULL,NULL),(52,'组长、质检',11,'运营中心',NULL,'2015-06-05 20:04:45',NULL,NULL),(53,'通信商务部主管',23,'通讯运营中心',NULL,'2015-06-10 12:24:42',NULL,NULL),(54,'技术员',37,'安徽分公司-技术部',NULL,'2015-06-10 19:37:24',NULL,'2015-06-10 18:01:54'),(55,'新媒体主管',18,'产品中心',NULL,'2015-06-11 16:42:05',NULL,NULL);

#
# Structure for table "com_type"
#

DROP TABLE IF EXISTS `com_type`;
CREATE TABLE `com_type` (
  `id` bigint(11) NOT NULL AUTO_INCREMENT,
  `name` varchar(50) DEFAULT NULL COMMENT '故障名称',
  `pid` bigint(20) DEFAULT NULL COMMENT '父类id',
  `created_at` timestamp NULL DEFAULT CURRENT_TIMESTAMP COMMENT '新建日期',
  `updated_at` timestamp NULL DEFAULT NULL COMMENT '更新日期',
  `deleted_at` timestamp NULL DEFAULT NULL COMMENT '删除日期',
  PRIMARY KEY (`id`)
) ENGINE=InnoDB AUTO_INCREMENT=43 DEFAULT CHARSET=utf8 COMMENT='故障类型';

#
# Data for table "com_type"
#

INSERT INTO `com_type` VALUES (1,'一点通平台故障',0,'2015-03-31 09:16:22','2015-04-08 10:21:47',NULL),(2,'短信平台故障',0,'2015-03-31 09:16:22','2015-04-02 14:04:19',NULL),(3,'豪讯手机问题',0,'2015-03-31 09:16:22','2015-04-02 14:04:19',NULL),(4,'易百年手机问题',0,'2015-03-31 09:16:22','2015-04-02 14:04:20',NULL),(5,'通话问题',0,'2015-03-31 09:51:45','2015-04-03 18:04:55',NULL),(6,'短信平台无法登陆',2,'2015-05-05 11:06:37',NULL,NULL),(7,'通话质量问题',5,'2015-06-05 15:40:02',NULL,NULL),(8,'平台无法登陆',1,'2015-06-09 16:13:11',NULL,NULL),(9,'平台退出异常',1,'2015-06-09 16:13:28',NULL,NULL),(10,'老人桌面、子女端问题',0,'2015-06-09 16:14:57',NULL,NULL),(11,'激活问题',0,'2015-06-09 16:15:27',NULL,NULL),(12,'电脑硬件问题',0,'2015-06-09 16:15:35',NULL,NULL),(13,'手机卡欠费问题',0,'2015-06-09 16:15:42',NULL,NULL),(14,'平台电话不能正常呼出',1,'2015-06-09 16:16:06',NULL,NULL),(15,'平台听录音异常',1,'2015-06-09 16:16:20',NULL,NULL),(16,'短信平台导入短信名单失败',2,'2015-06-09 16:16:33',NULL,NULL),(17,'平台地图定位异常',1,'2015-06-10 19:29:21',NULL,NULL),(18,'平台数据加载异常',1,'2015-06-10 19:29:37',NULL,NULL),(19,'平台获取身份证图片失败',1,'2015-06-10 19:29:47',NULL,NULL),(20,'平台转接电话失败',1,'2015-06-10 19:29:56',NULL,NULL),(21,'平台抢线异常',1,'2015-06-10 19:30:06',NULL,NULL),(22,'平台新呼叫系统同步数据失败',1,'2015-06-10 19:30:16',NULL,NULL),(23,'短信平台余额不足',2,'2015-06-10 19:30:29',NULL,NULL),(24,'短信平台发送失败',2,'2015-06-10 19:31:08',NULL,NULL),(25,'豪讯手机获取验证码失败',3,'2015-06-10 19:31:19',NULL,NULL),(26,'无法成功注册',4,'2015-06-10 19:33:55',NULL,NULL),(27,'拨打电话无法连接',4,'2015-06-10 19:34:05',NULL,NULL),(28,'接通率低问题',5,'2015-06-10 19:34:19',NULL,NULL),(29,'能接不能打问题',5,'2015-06-10 19:34:29',NULL,NULL),(30,'老人APP闪退',10,'2015-06-10 19:34:41',NULL,NULL),(31,'老人APP续费失败',10,'2015-06-10 19:34:52',NULL,NULL),(32,'子女端APP闪退',10,'2015-06-10 19:35:01',NULL,NULL),(33,'微信激活不成功',11,'2015-06-10 19:35:12',NULL,NULL),(34,'网站激活不成功',11,'2015-06-10 19:35:21',NULL,NULL),(35,'激活异常',11,'2015-06-10 19:35:31',NULL,NULL),(36,'鼠标、键盘、耳机故障',12,'2015-06-10 19:35:41',NULL,NULL),(37,'座机故障',12,'2015-06-10 19:35:49',NULL,NULL),(38,'电脑死机、开机异常',12,'2015-06-10 19:35:59',NULL,NULL),(39,'座机不能打电话',12,'2015-06-10 19:36:08',NULL,NULL),(40,'运营商扣费系统故障',13,'2015-06-10 19:36:17',NULL,NULL),(41,'手机卡欠费致黑名单不能正常开户',13,'2015-06-10 19:36:56',NULL,NULL),(42,'移动网站故障导致不能开户',13,'2015-06-10 19:37:06',NULL,NULL);

#
# Structure for table "com_user_order"
#

DROP TABLE IF EXISTS `com_user_order`;
CREATE TABLE `com_user_order` (
  `id` bigint(20) NOT NULL AUTO_INCREMENT,
  `user_id` bigint(20) DEFAULT NULL COMMENT '用户id',
  `order_id` bigint(20) DEFAULT NULL COMMENT '工单id',
  `created_at` timestamp NULL DEFAULT CURRENT_TIMESTAMP,
  `updated_at` timestamp NULL DEFAULT NULL,
  `deleted_at` timestamp NULL DEFAULT NULL,
  PRIMARY KEY (`id`)
) ENGINE=InnoDB AUTO_INCREMENT=152 DEFAULT CHARSET=utf8 COMMENT='运维-工单';

#
# Data for table "com_user_order"
#

INSERT INTO `com_user_order` VALUES (124,1,52,'2015-06-12 13:19:48',NULL,NULL),(125,4,52,'2015-06-12 13:19:48',NULL,NULL),(126,3,52,'2015-06-12 13:19:48',NULL,NULL),(127,2,52,'2015-06-12 13:19:48',NULL,NULL),(128,7,52,'2015-06-12 13:19:48',NULL,NULL),(129,9,52,'2015-06-12 13:19:48',NULL,NULL),(130,10,52,'2015-06-12 13:19:48',NULL,NULL),(131,11,52,'2015-06-12 13:19:48',NULL,NULL),(132,12,52,'2015-06-12 13:19:48',NULL,NULL),(133,13,52,'2015-06-12 13:19:48',NULL,NULL),(134,63,52,'2015-06-12 13:19:48',NULL,NULL),(135,82,53,'2015-06-12 13:29:27',NULL,NULL),(136,66,54,'2015-06-12 13:56:37',NULL,NULL),(137,68,54,'2015-06-12 13:56:37',NULL,NULL),(138,69,54,'2015-06-12 13:56:37',NULL,NULL),(139,72,54,'2015-06-12 13:56:37',NULL,NULL),(140,73,54,'2015-06-12 13:56:37',NULL,NULL),(141,74,54,'2015-06-12 13:56:37',NULL,NULL),(142,75,54,'2015-06-12 13:56:37',NULL,NULL),(143,76,54,'2015-06-12 13:56:37',NULL,NULL),(144,77,54,'2015-06-12 13:56:37',NULL,NULL),(145,78,54,'2015-06-12 13:56:37',NULL,NULL),(146,79,54,'2015-06-12 13:56:37',NULL,NULL),(147,80,54,'2015-06-12 13:56:37',NULL,NULL),(148,85,54,'2015-06-12 13:56:37',NULL,NULL),(149,82,55,'2015-06-12 16:25:07',NULL,NULL),(150,83,56,'2015-06-12 17:26:16',NULL,NULL),(151,84,56,'2015-06-12 17:26:16',NULL,NULL);

#
# Structure for table "com_user_type"
#

DROP TABLE IF EXISTS `com_user_type`;
CREATE TABLE `com_user_type` (
  `id` bigint(11) NOT NULL AUTO_INCREMENT,
  `user_id` bigint(20) DEFAULT NULL,
  `type_id` bigint(11) DEFAULT NULL,
  PRIMARY KEY (`id`)
) ENGINE=InnoDB DEFAULT CHARSET=utf8 COMMENT='运维故障';

#
# Data for table "com_user_type"
#


#
# Structure for table "sec_operator"
#

DROP TABLE IF EXISTS `sec_operator`;
CREATE TABLE `sec_operator` (
  `id` bigint(20) NOT NULL AUTO_INCREMENT,
  `version` bigint(20) DEFAULT NULL,
  `description` varchar(20) DEFAULT NULL COMMENT '功能描述',
  `name` varchar(25) DEFAULT NULL COMMENT '功能名称',
  `onemany` char(1) DEFAULT NULL COMMENT '一对多？',
  `returnparamkeys` varchar(100) DEFAULT NULL COMMENT '返回参数key',
  `returnurl` varchar(200) DEFAULT NULL COMMENT '返回参数url',
  `rowfilter` char(1) DEFAULT NULL COMMENT '行级过滤',
  `url` varchar(200) DEFAULT NULL,
  `permission_id` bigint(20) DEFAULT NULL COMMENT '权限id',
  `permissionname` varchar(50) DEFAULT NULL COMMENT '权限名称',
  `splitpage` char(1) DEFAULT NULL COMMENT '分页？',
  `formtoken` char(1) DEFAULT NULL COMMENT '重复提交？',
  `ipblack` char(1) DEFAULT NULL,
  `privilegess` char(1) DEFAULT NULL COMMENT '授权',
  `ispv` char(1) DEFAULT NULL,
  `pvtype` char(1) DEFAULT NULL,
  PRIMARY KEY (`id`)
) ENGINE=InnoDB DEFAULT CHARSET=utf8 COMMENT='功能列表';

#
# Data for table "sec_operator"
#


#
# Structure for table "sec_permission"
#

DROP TABLE IF EXISTS `sec_permission`;
CREATE TABLE `sec_permission` (
  `id` bigint(20) NOT NULL AUTO_INCREMENT,
  `name` varchar(50) NOT NULL COMMENT '名称',
  `value` varchar(50) NOT NULL COMMENT '值',
  `url` varchar(255) DEFAULT NULL COMMENT 'url地址',
  `intro` varchar(255) DEFAULT NULL COMMENT '简介',
  `pid` bigint(20) DEFAULT '0' COMMENT '父级id',
  `created_at` timestamp NOT NULL DEFAULT CURRENT_TIMESTAMP,
  `updated_at` timestamp NULL DEFAULT NULL,
  `deleted_at` timestamp NULL DEFAULT NULL,
  PRIMARY KEY (`id`)
) ENGINE=InnoDB AUTO_INCREMENT=25 DEFAULT CHARSET=utf8 COMMENT='权限';

#
# Data for table "sec_permission"
#

INSERT INTO `sec_permission` VALUES (1,'系统管理','P_ADMIN','/admin/**','',0,'2014-12-16 12:22:31','2015-04-08 09:50:09',NULL),(2,'角色管理','P_A_ROLE','/admin/role/**',NULL,1,'2015-03-26 15:13:34','2015-04-08 09:50:11',NULL),(3,'权限管理','P_A_PERMISSION','/admin/permission/**','',1,'2014-12-16 12:22:31','2015-04-08 09:50:12',NULL),(4,'用户管理','P_A_USER','/admin/user/**','',1,'2014-12-16 12:22:31','2015-04-08 09:50:14',NULL),(5,'单位管理','P_A_BRANCH','/admin/branch/**','',1,'2014-12-16 12:22:31','2015-04-08 09:50:15',NULL),(6,'部门管理','P_A_APARTMENT','/admin/apartment/**',NULL,1,'2015-03-10 12:27:55','2015-04-08 09:50:17',NULL),(7,'运维管理','P_OPERATE','/operate/**',NULL,0,'2015-03-11 10:07:27','2015-04-08 09:50:18',NULL),(8,'故障处理','P_O_DEAL','/operate/deal/**',NULL,7,'2015-03-11 10:12:23','2015-04-08 09:50:19',NULL),(9,'运维记录','P_O_OPERATES','/operate/operates/**',NULL,7,'2015-04-16 15:48:59','2015-04-29 16:58:55',NULL),(10,'报障管理','P_REPORT','/report/**',NULL,0,'2015-03-11 10:13:18','2015-04-08 09:50:22',NULL),(11,'故障申报','P_R_OFFER','/report/offer/**',NULL,10,'2015-03-11 10:16:25','2015-04-08 09:50:23',NULL),(12,'个人管理','P_USER','/user/**',NULL,0,'2015-03-20 12:12:12','2015-04-08 09:50:25',NULL),(13,'个人资料','P_U_CENTER','/user/center/**',NULL,12,'2015-03-20 12:12:47','2015-04-08 09:50:26',NULL),(14,'修改密码','P_U_PWD','/user/pwdPage/**',NULL,12,'2015-03-27 17:52:59','2015-04-08 09:50:27',NULL),(15,'类型管理','P_A_TYPE','/admin/type/**',NULL,1,'2015-03-31 08:58:37','2015-04-08 09:50:28',NULL),(16,'主页','P_INDEX','/index/**',NULL,0,'2015-04-01 18:09:41','2015-04-10 11:05:58',NULL),(17,'主页','P_INDEX','/index/**',NULL,16,'2015-04-01 18:14:28','2015-04-08 09:50:31',NULL),(18,'提交建议','P_U_CONTACT','/user/contactMe/**',NULL,12,'2015-04-16 10:03:36','2015-04-29 23:20:04','2015-05-15 11:33:06'),(19,'申报记录','P_R_REPORTS','/report/reports/**',NULL,10,'2015-04-16 15:47:56','2015-04-29 23:20:06',NULL),(20,'职位管理','P_A_POSITION','/admin/position/**',NULL,1,'2015-05-14 14:06:58',NULL,NULL),(22,'个人资料','P_A_CENTER','/admin/center/**',NULL,1,'2015-05-14 17:23:39',NULL,NULL),(23,'修改密码','P_A_PWD','/admin/pwdPage/**',NULL,1,'2015-05-14 17:25:16',NULL,NULL),(24,'工单管理','P_A_ORDER','/admin/order/**',NULL,1,'2015-05-15 19:30:39',NULL,NULL);

#
# Structure for table "sec_role"
#

DROP TABLE IF EXISTS `sec_role`;
CREATE TABLE `sec_role` (
  `id` bigint(20) NOT NULL AUTO_INCREMENT,
  `name` varchar(50) NOT NULL COMMENT '名称',
  `value` varchar(50) NOT NULL COMMENT '值',
  `intro` varchar(255) DEFAULT NULL COMMENT '简介',
  `pid` bigint(20) DEFAULT '0' COMMENT '父级id',
  `created_at` timestamp NOT NULL DEFAULT CURRENT_TIMESTAMP,
  `updated_at` timestamp NULL DEFAULT NULL,
  `deleted_at` timestamp NULL DEFAULT NULL,
  PRIMARY KEY (`id`)
) ENGINE=InnoDB AUTO_INCREMENT=5 DEFAULT CHARSET=utf8 COMMENT='角色';

#
# Data for table "sec_role"
#

INSERT INTO `sec_role` VALUES (1,'超级管理员','R_ADMIN','',0,'2014-12-16 12:22:31','2015-04-17 10:33:01',NULL),(2,'系统管理员','R_MANAGER','',1,'2014-12-16 12:22:31','2015-03-30 15:20:55',NULL),(3,'运维员','R_DEAL','',0,'2014-12-16 12:22:31','2015-04-29 16:30:06',NULL),(4,'报障员','R_OFFER','',0,'2014-12-16 12:22:31','2015-05-04 11:04:48',NULL);

#
# Structure for table "sec_role_permission"
#

DROP TABLE IF EXISTS `sec_role_permission`;
CREATE TABLE `sec_role_permission` (
  `id` bigint(20) NOT NULL AUTO_INCREMENT,
  `role_id` bigint(20) NOT NULL,
  `permission_id` bigint(20) NOT NULL,
  PRIMARY KEY (`id`)
) ENGINE=InnoDB AUTO_INCREMENT=494 DEFAULT CHARSET=utf8 COMMENT='角色-权限';

#
# Data for table "sec_role_permission"
#

INSERT INTO `sec_role_permission` VALUES (379,3,8),(380,3,9),(381,3,13),(382,3,14),(383,3,17),(384,3,16),(385,3,7),(386,3,12),(437,4,11),(438,4,19),(439,4,13),(440,4,14),(441,4,17),(442,4,16),(443,4,10),(444,4,12),(455,1,2),(456,1,3),(457,1,4),(458,1,5),(459,1,6),(460,1,15),(461,1,20),(462,1,22),(463,1,23),(464,1,24),(465,1,1),(487,2,4),(488,2,22),(489,2,23),(490,2,13),(491,2,14),(492,2,1),(493,2,12);

#
# Structure for table "sec_syslog"
#

DROP TABLE IF EXISTS `sec_syslog`;
CREATE TABLE `sec_syslog` (
  `id` bigint(11) NOT NULL AUTO_INCREMENT,
  `version` bigint(20) DEFAULT NULL COMMENT '版本',
  `actionenddate` timestamp NOT NULL DEFAULT CURRENT_TIMESTAMP COMMENT 'action结束日期',
  `actionendtime` bigint(20) DEFAULT NULL COMMENT 'action结束时间',
  `actionhaoshi` bigint(20) DEFAULT NULL COMMENT 'action耗时',
  `actionstartdate` timestamp NOT NULL DEFAULT '0000-00-00 00:00:00' COMMENT 'action开始日期',
  `actionstarttime` bigint(20) DEFAULT NULL COMMENT 'action开始时间',
  `cause` char(1) DEFAULT NULL COMMENT '未知',
  `cookie` varchar(1024) DEFAULT NULL COMMENT 'cookie',
  `description` text COMMENT '描述',
  `enddate` timestamp NOT NULL DEFAULT '0000-00-00 00:00:00',
  `endtime` bigint(20) DEFAULT NULL,
  `haoshi` bigint(20) DEFAULT NULL COMMENT '耗时',
  `ips` varchar(128) DEFAULT NULL COMMENT 'IPS',
  `method` varchar(4) DEFAULT NULL COMMENT '方法',
  `referer` varchar(500) DEFAULT NULL COMMENT '未知',
  `requestpath` text COMMENT '请求路径',
  `startdate` timestamp NOT NULL DEFAULT '0000-00-00 00:00:00',
  `starttime` bigint(20) DEFAULT NULL,
  `status` char(1) DEFAULT NULL COMMENT '状态',
  `useragent` varchar(200) DEFAULT NULL COMMENT '用户代理',
  `viewhaoshi` bigint(20) DEFAULT NULL COMMENT '视图耗时',
  `operatorids` bigint(20) DEFAULT NULL COMMENT '操作人员id',
  `accept` varchar(200) DEFAULT NULL,
  `acceptencoding` varchar(200) DEFAULT NULL,
  `acceptlanguage` varchar(200) DEFAULT NULL,
  `connection` varchar(200) DEFAULT NULL,
  `host` varchar(200) DEFAULT NULL COMMENT 'HOST',
  `xrequestedwith` varchar(200) DEFAULT NULL,
  `pvids` bigint(20) DEFAULT NULL COMMENT 'PVid',
  `userids` bigint(20) DEFAULT NULL COMMENT '用户id',
  PRIMARY KEY (`id`)
) ENGINE=InnoDB DEFAULT CHARSET=utf8 COMMENT='系统日志';

#
# Data for table "sec_syslog"
#


#
# Structure for table "sec_user"
#

DROP TABLE IF EXISTS `sec_user`;
CREATE TABLE `sec_user` (
  `id` bigint(20) NOT NULL AUTO_INCREMENT,
  `username` varchar(50) NOT NULL COMMENT '登录名',
  `providername` varchar(50) NOT NULL COMMENT '提供者',
  `email` varchar(200) DEFAULT NULL COMMENT '邮箱',
  `telephone` varchar(20) DEFAULT NULL COMMENT '固话',
  `phone` varchar(50) DEFAULT NULL COMMENT '联系电话',
  `password` varchar(200) NOT NULL COMMENT '密码',
  `hasher` varchar(200) NOT NULL COMMENT '加密类型',
  `salt` varchar(200) NOT NULL COMMENT '加密盐',
  `avatar_url` varchar(255) DEFAULT '/res/img/touxiang.jpg' COMMENT '头像',
  `first_name` varchar(10) DEFAULT NULL COMMENT '名字',
  `last_name` varchar(10) DEFAULT NULL COMMENT '姓氏',
  `full_name` varchar(20) DEFAULT NULL COMMENT '全名',
  `remark` varchar(255) DEFAULT NULL COMMENT '保留属性',
  `created_at` timestamp NOT NULL DEFAULT CURRENT_TIMESTAMP,
  `updated_at` timestamp NULL DEFAULT NULL,
  `deleted_at` timestamp NULL DEFAULT NULL,
  PRIMARY KEY (`id`)
) ENGINE=InnoDB AUTO_INCREMENT=86 DEFAULT CHARSET=utf8 COMMENT='用户';

#
# Data for table "sec_user"
#

INSERT INTO `sec_user` VALUES (1,'admin','admin','fireterceltong@poicom.net',NULL,'15900088260','$shiro1$SHA-256$500000$tkndwsQCnaS6khOP8aybag==$GVJGkuF2m5dstYhBO5nExBO/cpYP6gafj3jyCDxQgug=','default_hasher','','/admin/assets/avatars/avatar4.png','科技','点通','管理员',NULL,'2015-03-11 10:46:12','2015-05-04 12:22:57',NULL),(2,'dealler','admin','dantechan@poicom.net',NULL,'18924518660','$shiro1$SHA-256$500000$o/aFEzJOSlJxqFL+a04+Tg==$iJfedksd5GXgvtuz50A4XL2p0X9YyPFe58Lzgb26NsQ=','default_hasher','','/admin/assets/avatars/avatar4.png','科技','点通','测试账号O',NULL,'2015-03-10 14:48:05','2015-04-24 15:37:28',NULL),(3,'reporter','admin','fireterceltong@poicom.net',NULL,'15900088260','$shiro1$SHA-256$500000$isKccerRU240Azacspdskg==$Ule6DgNHCziF5XQtj74ZGrXdBYfn38bdDwzZdNvVsXg=','default_hasher','','/admin/assets/avatars/avatar4.png','张','三','测试账号R',NULL,'2015-03-10 15:35:38','2015-04-28 10:07:06',NULL),(4,'dantechan','admin','dantechan@poicom.net',NULL,'18924518660','$shiro1$SHA-256$500000$hcbPhv80vNh2AWZvcOm4Sw==$4jTnh1YCDa4SZd/UINpu9fAdpvtMDZXiM5IamoJfr7A=','default_hasher','','/admin/assets/avatars/avatar4.png','陈','宇佳','陈宇佳',NULL,'2015-03-11 10:40:18','2015-04-28 10:07:03',NULL),(7,'firetercel','运维员','fireterceltong@poicom.net',NULL,'15900088260','$shiro1$SHA-256$500000$gOMHxXbkiT40aslf+j9P8Q==$/l61d/EKPdPfas94y/R/Ty8YeivVuQSkjHQH/d9J5RE=','default_hasher','','/admin/assets/avatars/avatar4.png','唐','东宇','唐东宇',NULL,'2015-05-07 17:32:02',NULL,NULL),(9,'hardyleung','管理员','hardyleung@poicom.net',NULL,'13715657082','$shiro1$SHA-256$500000$d6idmCJqKa2J5svJXXaHfA==$4XFsiUXiiWECe4XOaKLU9P/Pr8CY/SCehXROArUvu0o=','default_hasher','','/admin/assets/avatars/avatar4.png','梁','润河','梁润河',NULL,'2015-05-18 16:04:11',NULL,NULL),(10,'douglaswong','管理员','douglaswong@poicom.net',NULL,'18825371670','$shiro1$SHA-256$500000$yUmNMQFUnbLdwOMBtvNoDQ==$GCcjbVtm51O9JacQbH5lp/ebu0iJ4Vte1W2cdESSFPo=','default_hasher','','/admin/assets/avatars/avatar4.png','黄','德赏','黄德赏',NULL,'2015-05-18 16:11:25',NULL,NULL),(11,'mansonng','管理员','mansonng@poicom.net',NULL,'13726076826','$shiro1$SHA-256$500000$YCwZ+bqcBVXIATr5iu3xCg==$RH2RR4ZNfrInxwzHdoSZftNvVfaUvZ5P9+hZNWyiKUo=','default_hasher','','/admin/assets/avatars/avatar4.png','吴','明桂','吴明桂',NULL,'2015-05-18 16:14:06',NULL,NULL),(12,'joewong','管理员','joewong@poicom.net',NULL,'13813138138','$shiro1$SHA-256$500000$EOdqU8VVihKMbaJ8JID8QA==$M/+4etYhvvnBSOKRkDOUsZ+EICEuCdiLuBXa/TU3/uw=','default_hasher','','/admin/assets/avatars/avatar4.png','黄','卓辉','黄卓辉',NULL,'2015-05-18 16:14:47',NULL,NULL),(13,'stevenshen','管理员','stevenshen@poicom.net',NULL,'15907640488','$shiro1$SHA-256$500000$fAeMe/KMPpYV5h4qQanlDQ==$4jH2eyYbBRhqAa2RRE1n9x3i3NFtXHXgif/bnkVX6QU=','default_hasher','','/admin/assets/avatars/avatar4.png','沈','金龙','沈金龙',NULL,'2015-05-18 16:15:30',NULL,NULL),(63,'administrator','管理员','18118118118@181.com',NULL,'18118118118','$shiro1$SHA-256$500000$rT6NB1U0WgMaT67xmMH0LA==$8wGuG0gmSddzTtQmuNXpjj6bfd6FOX+3JZe1LBjkEqM=','default_hasher','','/admin/assets/avatars/avatar4.png','系统','管理员','系统管理员',NULL,'2015-06-02 18:58:41',NULL,NULL),(64,'yoyo','系统管理员','yoyocheung@poicom.net',NULL,'13312312312','$shiro1$SHA-256$500000$5vGneglYBHefKjIXBbQsVA==$jRWq/j3nmvZ3yThDKnEdSvM84XWLhymbwiSHDaV7dYA=','default_hasher','','/admin/assets/avatars/avatar3.png','张','蓉蓉','张蓉蓉',NULL,'2015-06-03 18:25:00',NULL,NULL),(65,'kentsiu','系统管理员','kentsiu@poicom.net',NULL,'15815729271','$shiro1$SHA-256$500000$YV4UM9fKJ7J8nopc5Zk1tA==$K3hxfDT+BehF12f/PVIY4BmYlWEiLJCNGLnRtMwLC3o=','default_hasher','','/admin/assets/avatars/avatar4.png','肖','华','肖华',NULL,'2015-06-03 18:25:04',NULL,NULL),(66,'wujianfeng','管理员','jeffng@poicom.net',NULL,'13824798612','$shiro1$SHA-256$500000$6yJPFndSuCZIPQOp1Y+5Rw==$S3kwPpsjL+GlzwEqRBbkzEYLnQKex4URofRF4gf8gBQ=','default_hasher','','/admin/assets/avatars/avatar4.png','吴','建锋','吴建锋',NULL,'2015-06-05 20:05:54',NULL,NULL),(67,'joey','管理员','joeywong@poicom.net',NULL,'13715689614','$shiro1$SHA-256$500000$OYW6EsAvhYuS8Nu8KYGmfg==$w2WarcXytLXthfSfje6flmYyCmzF/cQycQg3PjxtEyI=','default_hasher','','/admin/assets/avatars/avatar3.png','黄','玉仪','黄玉仪',NULL,'2015-06-05 20:06:48',NULL,NULL),(68,'xiaoyiduo','管理员','chrissiu@poicom.net',NULL,'13822542720','$shiro1$SHA-256$500000$ysH0sLEFx19n0HDV1VtaJA==$sqTB4QXe6NX44d4LXWDf0qN+HnZMtVSwBNBrgPFU0eY=','default_hasher','','/admin/assets/avatars/avatar4.png','肖','艺多','肖艺多',NULL,'2015-06-05 20:06:53',NULL,NULL),(69,'xiaoronghao','管理员','ronxiao@poicom.net',NULL,'13726130041','$shiro1$SHA-256$500000$Pm2IG419CoqLceYaSEkGig==$jwR27GaHCcuTU6vig8hfQ5LCqrX441LLBD2pzrl+J0o=','default_hasher','','/admin/assets/avatars/avatar4.png','萧','浩荣','萧浩荣',NULL,'2015-06-05 20:07:39',NULL,NULL),(70,'elaine','管理员','elainechan@poicom.net',NULL,'13527185122','$shiro1$SHA-256$500000$dmHzfAwq3iDKeSZFb4iD8w==$6cOPJpAH5mgv9kjK1KQo0ZsMN/KEf8rJXABBxqNqmPE=','default_hasher','','/admin/assets/avatars/avatar3.png','陈','玉玲','陈玉玲',NULL,'2015-06-05 20:08:29',NULL,NULL),(71,'bobo','管理员','bobolee@poicom.net',NULL,'13590963226','$shiro1$SHA-256$500000$ARXSVzGMHAgEdYuer2fFRg==$d4Y49Oc9OjKjSa5Ij9K7VNMl/ESeGSbAlvlb1rCLmTM=','default_hasher','','/admin/assets/avatars/avatar3.png','李','少红','李少红',NULL,'2015-06-05 20:09:48',NULL,NULL),(72,'Harman','管理员','harmankwok@poicom.net',NULL,'13531898471','$shiro1$SHA-256$500000$2Yrx6Zf5tFnLNsgAzuBZUQ==$sHk7MiVmMoQ2qgpqr28ki3vMeJ9JtOHSsJOFYAOXI1A=','default_hasher','','/admin/assets/avatars/avatar4.png','郭','汉明','郭汉明',NULL,'2015-06-08 13:49:47',NULL,NULL),(73,'Zack','管理员','zackyuen@poicom.net',NULL,'15820538719','$shiro1$SHA-256$500000$CRxmipkXl1uWwwpM5bCNWg==$BgfYUQdXoctPTTun8phlRCeBanJTkYKoJ0Z8OnXX8kc=','default_hasher','','/admin/assets/avatars/avatar4.png','阮','瑞峰','阮瑞峰',NULL,'2015-06-08 13:53:40',NULL,NULL),(74,'Ivan','管理员','ivanleung@poicom.net',NULL,'15800131165','$shiro1$SHA-256$500000$P21ynecIfcjehazBun9BwQ==$hu4dxlaRinfqtl+g9RaOxGe/S3SMzykF+7J9wr/my3w=','default_hasher','','/admin/assets/avatars/avatar3.png','梁','桂欣','梁桂欣',NULL,'2015-06-08 13:56:00',NULL,NULL),(75,'Jack','管理员','jacksuen@poicom.net',NULL,'13590821195','$shiro1$SHA-256$500000$hGSl9FgMWw+hgJ1Mnfhoaw==$BjalvTj0bbFeNBvPsb/B37ZazD1p4Of/SjuHAPoMHN8=','default_hasher','','/admin/assets/avatars/avatar4.png','孙','嘉杰','孙嘉杰',NULL,'2015-06-08 14:09:34',NULL,NULL),(76,'Zac','管理员','zacng@poicom.net',NULL,'13715690636','$shiro1$SHA-256$500000$f6TCgo5mk6/wGpDYCtuOLQ==$zrkdJgKU9n1akWRXpbr4JnRus+aqZ0qXAaNUYNmCJjU=','default_hasher','','/admin/assets/avatars/avatar4.png','吴','家林','吴家林',NULL,'2015-06-08 16:10:26',NULL,NULL),(77,'Carol','管理员','carollau@poicom.net',NULL,'13726039318','$shiro1$SHA-256$500000$+YIgDjunu/noaradAQw44w==$vDfB+A05iVWzd9b0+bOh9mOBRJyK1lvhIUsOjQsbe2Q=','default_hasher','','/admin/assets/avatars/avatar3.png','刘','斯敏','刘斯敏',NULL,'2015-06-08 16:39:27',NULL,NULL),(78,'Gerry','管理员','gerrylee@poicom.net',NULL,'13425588693','$shiro1$SHA-256$500000$N955Db7qrK8NVo25IRbiaw==$1bELuimiozWBW6K7HAzGyz9Z+46n8HZdNZvJGWcN8As=','default_hasher','','/admin/assets/avatars/avatar4.png','李','国浩','李国浩',NULL,'2015-06-08 16:57:23',NULL,NULL),(79,'Andy','管理员','andyau@poicom.net',NULL,'15019518686','$shiro1$SHA-256$500000$+rwITVuOOfnpOpilKAXdGg==$MjvGnX2KOEVathmc0oDnXz1nbVvsP8ZMOxcBOryQ45g=','default_hasher','','/admin/assets/avatars/avatar4.png','欧','嘉静','欧嘉静',NULL,'2015-06-08 16:58:43',NULL,NULL),(80,'Jason','管理员','jasonwong@poicom.net',NULL,'18022016608','$shiro1$SHA-256$500000$exPb8rd+v3hgnd7eozhfsw==$SPq6KjkdLkeVshBsTPKdhGCIWOxoE3ULEVTOpvO4ClE=','default_hasher','','/admin/assets/avatars/avatar4.png','黄','争','黄争',NULL,'2015-06-08 17:00:43',NULL,NULL),(81,'yunying','管理员','13511111111@135.com',NULL,'13511111111','$shiro1$SHA-256$500000$6+wNGHUWGeDTehmgW7/atA==$wrcaM2oMQ6st3a+QFCcNDjEBmLr4nSdgRTueT5lfg8I=','default_hasher','','/admin/assets/avatars/avatar4.png','运营','测试','运营测试',NULL,'2015-06-08 18:50:49',NULL,NULL),(82,'Wei','管理员','weima@poicom.net',NULL,'13435705425','$shiro1$SHA-256$500000$Ab50sR5aP2Zz6yoKQRJpnw==$jewX5uvgAG3ZARcQsaG0A2VREkFa0cBGYYmLVlOGyCg=','default_hasher','','/admin/assets/avatars/avatar4.png','马','伟挺','马伟挺',NULL,'2015-06-10 11:05:05',NULL,NULL),(83,'Gui','管理员','gui@poicom.net',NULL,'18611171252','$shiro1$SHA-256$500000$DMbobLIpKTTwYhzI6Ks/+w==$r6ZddYAxkJEBH60lUjlKTiLUaAHdSni2mdmSSczNq9M=','default_hasher','','/admin/assets/avatars/avatar4.png','桂','晓兵','桂晓兵',NULL,'2015-06-10 12:22:39',NULL,NULL),(84,'Derek','管理员','derekho@poicom.net',NULL,'15019555328','$shiro1$SHA-256$500000$cINQqLl0JVXgt+tzTQzhRg==$Burqfj6ijpqPSfznNTNQ3avm+AilVMlgcd+xsltOJ9s=','default_hasher','','/admin/assets/avatars/avatar4.png','何','卓华','何卓华',NULL,'2015-06-10 12:25:15',NULL,NULL),(85,'Jim','管理员','jimchan@ydto.cn',NULL,'13805694840','$shiro1$SHA-256$500000$XelQGL3K+I1dLJg9mswD+A==$CfdrSASYE3AJhIgG9sDsePjU+PCX30WdHj00s+6wUdE=','default_hasher','','/admin/assets/avatars/avatar4.png','陈','国靖','陈国靖',NULL,'2015-06-10 19:37:55',NULL,NULL);

#
# Structure for table "sec_user_info"
#

DROP TABLE IF EXISTS `sec_user_info`;
CREATE TABLE `sec_user_info` (
  `id` bigint(20) NOT NULL AUTO_INCREMENT,
  `user_id` bigint(20) NOT NULL COMMENT '用户id',
  `creator_id` bigint(20) DEFAULT NULL COMMENT '创建者id',
  `gender` int(11) DEFAULT '0' COMMENT '性别0男，1女',
  `branch_id` bigint(20) DEFAULT NULL COMMENT '分公司id',
  `apartment_id` bigint(20) DEFAULT NULL COMMENT '部门id',
  `position_id` bigint(20) DEFAULT NULL COMMENT '职位id',
  `created_at` timestamp NOT NULL DEFAULT CURRENT_TIMESTAMP,
  `updated_at` timestamp NULL DEFAULT NULL,
  `deleted_at` timestamp NULL DEFAULT NULL,
  PRIMARY KEY (`id`)
) ENGINE=InnoDB AUTO_INCREMENT=86 DEFAULT CHARSET=utf8 COMMENT='用户-信息';

#
# Data for table "sec_user_info"
#

INSERT INTO `sec_user_info` VALUES (1,1,0,0,1,9,1,'2015-03-11 10:42:24','2015-04-30 14:47:39',NULL),(2,4,1,0,1,9,5,'2015-03-13 15:35:03','2015-04-30 14:47:50',NULL),(3,3,1,0,1,9,5,'2015-03-16 12:18:29','2015-04-29 11:06:31',NULL),(4,2,1,0,1,9,5,'2015-03-16 17:18:17','2015-04-29 11:06:31',NULL),(7,7,3,0,1,9,5,'2015-05-07 17:32:02',NULL,NULL),(9,9,1,0,1,9,1,'2015-05-18 16:04:11',NULL,NULL),(10,10,1,0,1,9,5,'2015-05-18 16:11:25',NULL,NULL),(11,11,1,0,1,9,5,'2015-05-18 16:14:06',NULL,NULL),(12,12,1,0,1,9,5,'2015-05-18 16:14:47',NULL,NULL),(13,13,1,0,1,9,5,'2015-05-18 16:15:30',NULL,NULL),(63,63,1,0,1,9,5,'2015-06-02 18:58:41',NULL,NULL),(64,64,63,1,1,12,52,'2015-06-03 18:25:00',NULL,NULL),(65,65,63,0,1,12,52,'2015-06-03 18:25:04',NULL,NULL),(66,66,1,0,1,4,38,'2015-06-05 20:05:54',NULL,NULL),(67,67,1,1,1,12,52,'2015-06-05 20:06:48',NULL,NULL),(68,68,1,0,1,4,45,'2015-06-05 20:06:53',NULL,NULL),(69,69,1,0,1,4,46,'2015-06-05 20:07:39',NULL,NULL),(70,70,1,1,1,12,52,'2015-06-05 20:08:29',NULL,NULL),(71,71,1,1,1,12,52,'2015-06-05 20:09:48',NULL,NULL),(72,72,1,0,1,4,46,'2015-06-08 13:49:47',NULL,NULL),(73,73,1,0,1,4,46,'2015-06-08 13:53:41',NULL,NULL),(74,74,1,1,1,4,43,'2015-06-08 13:56:00',NULL,NULL),(75,75,1,0,1,4,46,'2015-06-08 14:09:34',NULL,NULL),(76,76,1,0,1,4,43,'2015-06-08 16:10:26',NULL,NULL),(77,77,1,1,1,4,47,'2015-06-08 16:39:27',NULL,NULL),(78,78,1,0,1,4,46,'2015-06-08 16:57:24',NULL,NULL),(79,79,1,0,1,4,46,'2015-06-08 16:58:43',NULL,NULL),(80,80,1,0,1,4,44,'2015-06-08 17:00:43',NULL,NULL),(81,81,1,0,1,12,20,'2015-06-08 18:50:49',NULL,NULL),(82,82,1,0,1,19,14,'2015-06-10 11:05:05',NULL,NULL),(83,83,1,0,1,24,37,'2015-06-10 12:22:39',NULL,NULL),(84,84,1,0,1,24,53,'2015-06-10 12:25:15',NULL,NULL),(85,85,1,0,5,4,4,'2015-06-10 19:37:55',NULL,NULL);

#
# Structure for table "sec_user_role"
#

DROP TABLE IF EXISTS `sec_user_role`;
CREATE TABLE `sec_user_role` (
  `id` bigint(20) NOT NULL AUTO_INCREMENT,
  `user_id` bigint(20) NOT NULL,
  `role_id` bigint(20) NOT NULL,
  PRIMARY KEY (`id`)
) ENGINE=InnoDB AUTO_INCREMENT=117 DEFAULT CHARSET=utf8 COMMENT='用户-角色';

#
# Data for table "sec_user_role"
#

INSERT INTO `sec_user_role` VALUES (1,1,1),(34,8,4),(39,12,4),(41,13,4),(43,2,3),(44,17,4),(48,18,4),(54,20,2),(56,21,4),(57,22,3),(61,7,4),(63,3,4),(64,63,2),(65,7,3),(66,4,3),(67,4,4),(68,64,4),(71,10,4),(72,11,4),(73,65,4),(75,67,4),(76,70,4),(77,71,4),(78,72,3),(79,73,3),(80,74,3),(81,75,3),(82,76,3),(83,77,3),(84,78,3),(85,79,3),(86,80,3),(87,69,3),(88,68,3),(89,66,3),(90,81,4),(110,83,3),(111,84,3),(112,85,3),(115,9,3),(116,82,3);
